Category,Type
Jazz,Music
Rock,Music
Pop,Music
Caz,Music
Elektronik,Music
Klasik,Music
Rap,Music
Hip-Hop,Music
Blues,Music
Funk,Music
Metal,Music
Reggae,Music
Indie,Music
Rock’n Roll,Music
Soul,Music
R&B,Music
Türk Müziği,Music
Dünya Müziği,Music
Enstrümantal,Music
Akustik,Music
Folk,Music
Latin,Music
Hard Rock,Music
Elektronik Dans Müziği,Music
Alternatif,Music
Opera,Music
Senfonik,Music
Trap,Music
House,Music
Techno,Music
Popüler Müzik,Music
Hüzünlü Müzik,Music
Canlı Müzik,Music
DJ Performansı,Music
Müzikal,Music
Orkestra,Music
Türk Sanat Müziği,Music
Türk Halk Müziği,Music
Klasik Müzik,Music
Müzik Festivali,Music
Gitar Müzik,Music
Piyano Müzik,Music
Vokal,Music
A Capella,Music
Müzik Atölyesi,Music
Müzik Eğitimleri,Music
Müzik Dersi,Music
Çocuk Müziği,Music
Müzikal Gösteri,Music
Jam Session,Music
Beat,Music
Enstrüman Çalışmaları,Music
Akor,Music
Koreografi,Music
Sözlü Müzik,Music
Şarkı Sözü,Music
Müzik Video,Music
Performans,Music
Müzik Eleştirisi,Music
Müzik Tarihi,Music
Müzik Arşivi,Music
Müzik Stüdyosu,Music
Remix,Music
DJ Set,Music
Müzik Prodüksiyonu,Music
Popüler Şarkılar,Music
Vokal Performansı,Music
Solo Performans,Music
Grup Performansı,Music
Deneysel Müzik,Music
Enstrümantal Müzik,Music
Müzik Terapisi,Music
Müzik Enstrümanları,Music
Akustik Performans,Music
Müzik Yayını,Music
Solo Şarkı,Music
Grunge,Music
Elektronik Müzik,Music
Beatmaking,Music
Psychedelic,Music
Ambient,Music
Drum and Bass,Music
Reggaeton,Music
Hardstyle,Music
Trance,Music
Dubstep,Music
Lo-fi,Music
Synthwave,Music
Chillwave,Music
Downtempo,Music
Future Bass,Music
Experimental,Music
Müzik Kariyeri,Music
Müzik Gelişimi,Music
Orkestra Çalışmaları,Music
Müzik Yorumlama,Music
Şarkı Yapımı,Music
Enstrümantal Çalışmalar,Music
Çocuk Şarkıları,Music
Müzik Prodüktörlüğü,Music
Film Müzikleri,Music
Dizi Müzikleri,Music
Müzikal Performans,Music
Djing,Music
Karaoke,Music
Doğaçlama,Music
Elektro Akustik,Music
Baterist,Music
Klarnet,Music
Trompet,Music
Müzik Stili,Music
Müzik Topluluğu,Music
Pop Müzik,Music
Gece Müzikleri,Music
Caz Konseri,Music
Orkestrasyon,Music
Etno Müzik,Music
Kapsül Müzik,Music
Gençlik Müzikleri,Music
Oyun Müzikleri,Music
Video Game Music,Music
Film Orkestrasyonu,Music
Rock Festivali,Music
Müzik Yarışması,Music
Besteci,Music
Hızlı Müzik,Music
Yavaş Müzik,Music
Temalı Müzik,Music
Müzik Edebiyatı,Music
Yunan Müzikleri,Music
İspanyol Müzikleri,Music
Fransızca Müzik,Music
İtalyanca Müzik,Music
İngilizce Müzik,Music
Arap Müziği,Music
Hint Müzikleri,Music
Afrika Müziği,Music
Japon Müzikleri,Music
Asya Müzikleri,Music
Dünya Müzikleri,Music
Brezilya Müzikleri,Music
Güney Amerika Müzikleri,Music
Asya Müzikleri,Music
Zamanında Müzik,Music
Geleneksel Müzik,Music
Müzik Konseri,Music
Popüler Şarkılar,Music
Sürekli Müzik,Music
Müzik Kültürü,Music
Şarkı Söyleme,Music
Karaoke Gecesi,Music
Sahne Performansı,Music
Çeşitli Müzik,Music
Elektrik Gitar Müzikleri,Music
Doğa Müzikleri,Music
Ünlü Şarkılar,Music
Popüler Şarkı Listesi,Music
Hafif Müzik,Music
Hızlı Tempo,Music
Romantik Müzik,Music
Lirik Müzik,Music
Swing,Music
Harmoni,Music
Mikrofon Müzik,Music
Sürükleyici Müzik,Music
Klasik Konser,Music
Orkestra Şefliği,Music
Sanat Müzikleri,Music
Popüler Konser,Music
Sesli Performans,Music
Müzik İzleyicisi,Music
Müzik Terapi,Music
Öğretici Müzik,Music
Müzik Gelişimi,Music
Orkestral Müzik,Music
Müzik Eğitimi,Music
Şarkı Yazarlığı,Music
Yerel Müzik,Music
Yenilikçi Müzik,Music
Hip Hop Konseri,Music
Müzik Buluşması,Music
Kültürel Müzik,Music
Konser Verme,Music
Enstrüman Öğrenme,Music
Global Müzik,Music
Klasik Eğitim,Music
Solo Performans,Music
Katılımcı Müzik,Music
Repertuar,Music
Genç Müzik,Music
Toplu Performans,Music
Müzik Bilgisi,Music
Müzik Analizi,Music
Orkestra Ekipmanı,Music
Eğlenceli Müzik,Music
Müzik Teorisi,Music
Uzakdoğu Müzikleri,Music
Müzik Psikolojisi,Music
Müzik Dinleme,Music
Enstrümantal Konser,Music
