CategoryName,GeneralCategory
konser,Music
caz festivali,Music
canlı müzik,Music
DJ performansı,Music
startup zirvesi,Technology
yapay zeka konferansı,Technology
mobil uygulama hackathonu,Technology
girişimcilik semineri,Technology
yemek tadımı,Food & Drink
gastronomi atölyesi,Food & Drink
şarap tadım etkinliği,Food & Drink
barista eğitimi,Food & Drink
resim sergisi,Art & Culture
tiyatro gösterisi,Art & Culture
sanat galerisi gezisi,Art & Culture
film festivali,Art & Culture
futbol maçı,Sports
koşu maratonu,Sports
basketbol turnuvası,Sports
yüzme yarışması,Sports
yurt dışı gezisi,Travel
kültür turu,Travel
kamp etkinliği,Travel
doğa yürüyüşü,Travel
üniversite semineri,Education
sertifika programı,Education
akademik konferans,Education
öğrenci kulübü etkinliği,Education
yoga dersi,Health & Wellness
nefes terapisi,Health & Wellness
sağlıklı yaşam semineri,Health & Wellness
meditasyon atölyesi,Health & Wellness
çeşitli etkinlik,Other
bilinmeyen konsept,Other
genel kültür gecesi,Other
karma kategori,Other
AlternatifMuzik,Music
AscilikVeMutfak,FoodAndDrink
BilimTeknoloji,Technology
Bilisim,Technology
CazMuzik,Music
CocukGelisimi,HealthAndWellness
CocukTiyatrosu,ArtAndCulture
DansVeMuzikalGosteriler,Music
Diger,Other
DilVeEdebiyat,Education
DunyaMuzik,Music
EgitimOgretim,Education
EnerjiVeCevre,Other
FinansEkonomi,Other
Fotografcilik,Other
GayrimenkulInsaat,Other
Gida,FoodAndDrink
Girisimcilik,Other
Hayvancilik,Other
HobiYasamTarzi,Other
Hukuk,Other
InsanKaynaklari,Other
IsDunyasi,Other
Kariyer,Other
KisiselGelisim,Other
KlasikMuzik,Music
KulturDin,ArtAndCulture
MedyaVeIletisim,Other
OzgunMuzik,Music
PartiCanliMuzik,Music
Pazarlama,Other
PopMuzik,Music
RockMuzik,Music
SaglikTip,HealthAndWellness
Sanat,ArtAndCulture
Seyahat,Travel
SinemaFilm,ArtAndCulture
SiyasetPolitika,Other
SosyalBilimler,Technology
SoulMuzik,Music
Spor,Sports
Tarih,Other
Tarim,Other
TedarikZinciriVeLojistik,Other
TekstilModa,ArtAndCulture
TiyatroVeGosteriler,ArtAndCulture
Turizm,Travel
TurkSanatHalkMuzigi,ArtAndCulture
UretimVeMuhendislik,Other
YabanciDil,Education
YonetimVeLiderlik,Other
ElektronikMuzik,Music
ReggaeMuzik,Music
HipHopRap,Music
MetalMuzik,Music
FunkVeDisco,Music
EnstrumantalMuzik,Music
FilmMuzikleri,Music
ChilloutAmbientMuzik,Music
Matematik,Education
Fizik,Education
Kimya,Education
Biyoloji,Education
Astronomi,Education
YapayZeka,Education
VeriBilimi,Education
Robotik,Education
WebGelistirme,Technology
MobilUygulama,Technology
SiberGuvenlik,Technology
BlokZincir,Technology
OyunGelistirme,Technology
VeriTabaniYonetimi,Technology
SistemAgYonetimi,Technology
Mindfulness,HealthAndWellness
Psikoloji,HealthAndWellness
Meditasyon,HealthAndWellness
StresYonetimi,HealthAndWellness
Ä°letisimBecerileri,HealthAndWellness
LiderlikEgitimi,HealthAndWellness
Gastronomi,FoodAndDrink
Pastacilik,FoodAndDrink
VeganBeslenme,FoodAndDrink
KahveKulturu,FoodAndDrink
YerelLezzetler,FoodAndDrink
IcecekKulturu,FoodAndDrink
Gida,FoodAndDrink
FermenteUrunler,FoodAndDrink
Tiyatro,ArtAndCulture
Sinema,ArtAndCulture
Fotograf,ArtAndCulture
Edebiyat,ArtAndCulture
Moda,ArtAndCulture
Opera,ArtAndCulture
CizgiRoman,ArtAndCulture
Heykel,ArtAndCulture
Resim,ArtAndCulture
E-Spor,Sports
Futbol,Sports
Basketbol,Sports
Yoga,Sports
Pilates,Sports
Kosu,Sports
Kampcilik,Sports
Trekking,Sports
Fitness,Sports
YerelKulturler,Travel
GeziRehberi,Travel
KulturTurlari,Travel
DogalAlanlar,Travel
KampKaravan,Travel
SehirTurlari,Travel
YurtdisiDeneyimleri,Travel
STEM,Education
ErkenCocukluk,Education
OgrenmeStratejileri,Education
LiderlikEgitimi,Education
OgrenciKoclugu,Education
AkademikBasari,Education
Meditasyon,HealthAndWellness
Mindfulness,HealthAndWellness
StresYonetimi,HealthAndWellness
UykuHijyeni,HealthAndWellness
Beslenme,HealthAndWellness
PsikolojikSaglik,HealthAndWellness
KisiselGelisim,HealthAndWellness
CocukSagligi,HealthAndWellness
Girisimcilik,Other
Pazarlama,Other
Hukuk,Other
Finans,Other
IsDunyasi,Other
Hayvanseverlik,Other
GÃ¶nÃ¼llÃ¼lÃ¼k,Other
ToplumHizmeti,Other
TeknolojiEtigi,Other
IndieMuzik,Music
MetalMuzik,Music
Enstrümantal,Music
Otomasyon,Technology
BulutBilişim,Technology
Metaverse,Technology
ŞarapTadımı,FoodAndDrink
Miksoloji,FoodAndDrink
BaristaAtölyesi,FoodAndDrink
FermenteYiyecekler,FoodAndDrink
GlutensizMutfak,FoodAndDrink
UzakDoğuMutfağı,FoodAndDrink
OrganikTarım,FoodAndDrink
KahvaltıKültürü,FoodAndDrink
ÇayTadımı,FoodAndDrink
HolistikSağlık,HealthAndWellness
NefesEgzersizi,HealthAndWellness
Ayuverda,HealthAndWellness
SağlıklıAlışkanlıklar,HealthAndWellness
YaşlıBakımı,HealthAndWellness
SporcuSağlığı,HealthAndWellness
EvdeEgzersiz,HealthAndWellness
MentalDetoks,HealthAndWellness
KadınSağlığı,HealthAndWellness
PandemiSonrasıSağlık,HealthAndWellness
FermenteSosyolojisi,FoodAndDrink
GastronomiTarihi,FoodAndDrink
YerelYemekRotası,FoodAndDrink
BitkiBazlıDiyetler,FoodAndDrink
ŞarapKimyası,FoodAndDrink
TatlıTasarımı,FoodAndDrink
GelenekselBaharatlar,FoodAndDrink
SürdürülebilirGıda,FoodAndDrink
ŞefTeknikleri,FoodAndDrink
KahveKültürleri,FoodAndDrink
Aromaterapi,HealthAndWellness
EnerjiŞifası,HealthAndWellness
Biyoenerji,HealthAndWellness
Kriyoterapi,HealthAndWellness
SanatTerapisi,HealthAndWellness
Reflexoloji,HealthAndWellness
DoğalDetoks,HealthAndWellness
VücutDengeleme,HealthAndWellness
SpiritüelGelişim,HealthAndWellness
TransandantalMeditasyon,HealthAndWellness
Synthwave,Music
Trap,Music  
K-Pop,Music  
Flamenco,Music  
Afrobeat,Music  
Bluegrass,Music  
Dubstep,Music  
Chiptune,Music  
PostRock,Music  
CategoryName,GeneralCategory
AlternatifMuzik,Music
AscilikVeMutfak,FoodAndDrink
BilimTeknoloji,Technology
Bilisim,Technology
CazMuzik,Music
CocukGelisimi,HealthAndWellness
CocukTiyatrosu,ArtAndCulture
DansVeMuzikalGosteriler,Music
Diger,Other
DilVeEdebiyat,Education
DunyaMuzik,Music
EgitimOgretim,Education
EnerjiVeCevre,Other
FinansEkonomi,Other
Fotografcilik,Other
GayrimenkulInsaat,Other
Gida,FoodAndDrink
Girisimcilik,Other
Hayvancilik,Other
HobiYasamTarzi,Other
Hukuk,Other
InsanKaynaklari,Other
IsDunyasi,Other
Kariyer,Other
KisiselGelisim,Other
KlasikMuzik,Music
KulturDin,ArtAndCulture
MedyaVeIletisim,Other
OzgunMuzik,Music
PartiCanliMuzik,Music
Pazarlama,Other
PopMuzik,Music
RockMuzik,Music
SaglikTip,HealthAndWellness
Sanat,ArtAndCulture
Seyahat,Travel
SinemaFilm,ArtAndCulture
SiyasetPolitika,Other
SosyalBilimler,Technology
SoulMuzik,Music
Spor,Sports
Tarih,Other
Tarim,Other
TedarikZinciriVeLojistik,Other
TekstilModa,ArtAndCulture
TiyatroVeGosteriler,ArtAndCulture
Turizm,Travel
TurkSanatHalkMuzigi,ArtAndCulture
UretimVeMuhendislik,Other
YabanciDil,Education
YonetimVeLiderlik,Other
ElektronikMuzik,Music
ReggaeMuzik,Music
HipHopRap,Music
MetalMuzik,Music
FunkVeDisco,Music
EnstrumantalMuzik,Music
FilmMuzikleri,Music
ChilloutAmbientMuzik,Music
Matematik,Education
Fizik,Education
Kimya,Education
Biyoloji,Education
Astronomi,Education
YapayZeka,Education
VeriBilimi,Education
Robotik,Education
WebGelistirme,Technology
MobilUygulama,Technology
SiberGuvenlik,Technology
BlokZincir,Technology
OyunGelistirme,Technology
VeriTabaniYonetimi,Technology
SistemAgYonetimi,Technology
Mindfulness,HealthAndWellness
Psikoloji,HealthAndWellness
Meditasyon,HealthAndWellness
StresYonetimi,HealthAndWellness
İletisimBecerileri,HealthAndWellness
LiderlikEgitimi,HealthAndWellness
Gastronomi,FoodAndDrink
Pastacilik,FoodAndDrink
VeganBeslenme,FoodAndDrink
KahveKulturu,FoodAndDrink
YerelLezzetler,FoodAndDrink
IcecekKulturu,FoodAndDrink
Gida,FoodAndDrink
FermenteUrunler,FoodAndDrink
Tiyatro,ArtAndCulture
Sinema,ArtAndCulture
Fotograf,ArtAndCulture
Edebiyat,ArtAndCulture
Moda,ArtAndCulture
Opera,ArtAndCulture
CizgiRoman,ArtAndCulture
Heykel,ArtAndCulture
Resim,ArtAndCulture
E-Spor,Sports
Futbol,Sports
Basketbol,Sports
Yoga,Sports
Pilates,Sports
Kosu,Sports
Kampcilik,Sports
Trekking,Sports
Fitness,Sports
YerelKulturler,Travel
GeziRehberi,Travel
KulturTurlari,Travel
DogalAlanlar,Travel
KampKaravan,Travel
SehirTurlari,Travel
YurtdisiDeneyimleri,Travel
STEM,Education
ErkenCocukluk,Education
OgrenmeStratejileri,Education
LiderlikEgitimi,Education
OgrenciKoclugu,Education
AkademikBasari,Education
Meditasyon,HealthAndWellness
Mindfulness,HealthAndWellness
StresYonetimi,HealthAndWellness
UykuHijyeni,HealthAndWellness
Beslenme,HealthAndWellness
PsikolojikSaglik,HealthAndWellness
KisiselGelisim,HealthAndWellness
CocukSagligi,HealthAndWellness
Girisimcilik,Other
Pazarlama,Other
Hukuk,Other
Finans,Other
IsDunyasi,Other
Hayvanseverlik,Other
Gönüllülük,Other
ToplumHizmeti,Other
TeknolojiEtigi,Other
IndieMuzik,Music
MetalMuzik,Music
Enstrümantal,Music
Otomasyon,Technology
BulutBilişim,Technology
Metaverse,Technology
ŞarapTadımı,FoodAndDrink  
Miksoloji,FoodAndDrink  
BaristaAtölyesi,FoodAndDrink  
FermenteYiyecekler,FoodAndDrink  
GlutensizMutfak,FoodAndDrink  
UzakDoğuMutfağı,FoodAndDrink  
OrganikTarım,FoodAndDrink  
KahvaltıKültürü,FoodAndDrink  
ÇayTadımı,FoodAndDrink  
HolistikSağlık,HealthAndWellness  
NefesEgzersizi,HealthAndWellness  
Ayuverda,HealthAndWellness  
SağlıklıAlışkanlıklar,HealthAndWellness  
YaşlıBakımı,HealthAndWellness  
SporcuSağlığı,HealthAndWellness  
EvdeEgzersiz,HealthAndWellness  
MentalDetoks,HealthAndWellness  
KadınSağlığı,HealthAndWellness  
PandemiSonrasıSağlık,HealthAndWellness  
FermenteSosyolojisi,FoodAndDrink  
GastronomiTarihi,FoodAndDrink  
YerelYemekRotası,FoodAndDrink  
BitkiBazlıDiyetler,FoodAndDrink  
ŞarapKimyası,FoodAndDrink  
TatlıTasarımı,FoodAndDrink  
GelenekselBaharatlar,FoodAndDrink  
SürdürülebilirGıda,FoodAndDrink  
ŞefTeknikleri,FoodAndDrink  
KahveKültürleri,FoodAndDrink  
Aromaterapi,HealthAndWellness  
EnerjiŞifa,HealthAndWellness  
Biyoenerji,HealthAndWellness  
Kriyoterapi,HealthAndWellness  
SanatTerapisi,HealthAndWellness  
Reflexoloji,HealthAndWellness  
DoğalDetoks,HealthAndWellness  
VücutDengeleme,HealthAndWellness  
SpiritüelGelişim,HealthAndWellness  
TransandantalMeditasyon,HealthAndWellness  
Synthwave,Music  
Trap,Music  
K-Pop,Music  
Flamenco,Music  
Afrobeat,Music  
Bluegrass,Music  
Dubstep,Music  
Chiptune,Music  
PostRock,Music  
Synthwave,Music  
Trap,Music  
KPop,Music  
Flamenco,Music  
Afrobeat,Music  
Bluegrass,Music  
Dubstep,Music  
Chiptune,Music  
PostRock,Music  
Grunge,Music  
ElectroSwing,Music  
Ambient,Music  
Hardcore,Music  
Gospel,Music  
Psytrance,Music  
JazzFusion,Music  
LoFiHipHop,Music  
NewWave,Music  
OperaRock,Music  
KuantumBilgisayar,Technology  
BulutBilişim,Technology  
SiberFizik,Technology  
VeriGüvenliği,Technology  
OtomasyonSistemleri,Technology  
YapayZekaAlgoritmaları,Technology  
RobotikPrototip,Technology  
BlokZincirUygulamaları,Technology  
MetaversePlatformları,Technology  
VeriAnalitiği,Technology  
MobilOyunGeliştirme,Technology  
OyunMotorları,Technology  
Endüstri4,Technology  
Nesnelerinİnterneti,Technology  
BilgiYönetimi,Technology  
SanalGerçeklik,Technology  
YazılımTesti,Technology  
AğGüvenliği,Technology  
ProgramlamaDilleri,Technology  
VeriBilimiProjeleri,Technology
MolekülerGastronomi,FoodAndDrink  
VeganMutfağı,FoodAndDrink  
ŞarapKültürü,FoodAndDrink  
YerelTatlar,FoodAndDrink  
ÇayKültürü,FoodAndDrink  
SokakYemekleri,FoodAndDrink  
KahveDemleme,FoodAndDrink  
EvYapımıReçeller,FoodAndDrink  
GlutensizTatlılar,FoodAndDrink  
TurşuYapımı,FoodAndDrink  
DenizÜrünleri,FoodAndDrink  
OrganikTarım,FoodAndDrink  
FermenteGıdalar,FoodAndDrink  
TatlıSanatı,FoodAndDrink  
BaristaTeknikleri,FoodAndDrink  
EtYemekleri,FoodAndDrink  
BaharatKarışımları,FoodAndDrink  
FastFoodTrendleri,FoodAndDrink  
KahvaltıKültürü,FoodAndDrink  
GastronomiTurları,FoodAndDrink  
GrafikTasarım,ArtAndCulture  
HeykelSanatı,ArtAndCulture  
Kaligrafi,ArtAndCulture  
TarihAraştırmaları,ArtAndCulture  
SokakSanatı,ArtAndCulture  
ÇağdaşSanat,ArtAndCulture  
MimariTasarım,ArtAndCulture  
ElSanatları,ArtAndCulture  
FotoğrafçılıkTeknikleri,ArtAndCulture  
ModernDans,ArtAndCulture  
KuklaTiyatrosu,ArtAndCulture  
EdebiyatEleştirisi,ArtAndCulture  
ModaTarihi,ArtAndCulture  
HalkDansları,ArtAndCulture  
OperaPerformansı,ArtAndCulture  
FilmAnalizi,ArtAndCulture  
Ressamlık,ArtAndCulture  
SeramikSanatı,ArtAndCulture  
BelgeselFilm,ArtAndCulture  
DijitalSanat,ArtAndCulture  
Dağcılık,Sports  
BisikletYarışı,Sports  
Yelken,Sports  
Atletizm,Sports  
MasaTenisi,Sports  
Boks,Sports  
Kano,Sports  
Dalış,Sports  
Kayak,Sports  
Yüzme,Sports  
FitnessProgramları,Sports  
YogaEğitimi,Sports  
Pilates,Sports  
TenisTurnuvası,Sports  
Kampçılık,Sports  
Okçuluk,Sports  
SporcuBeslenmesi,Sports  
KoşuMaratonu,Sports  
MotorSporları,Sports  
Voleybol,Sports  
SırtÇantalıSeyahat,Travel  
Ekoturizm,Travel  
KültürelTurlar,Travel  
SanatGezileri,Travel  
MaceraSeyahati,Travel  
GurmeTurizm,Travel  
TarihTurizmi,Travel  
KampVeKaravan,Travel  
DenizTurizmi,Travel  
ŞehirTurları,Travel  
DağYürüyüşü,Travel  
FotoSafari,Travel  
FestivalTurları,Travel  
YurtdışıDeneyimleri,Travel  
YerelLezzetTurları,Travel  
EkoLodglar,Travel  
SporTurizmi,Travel  
BisikletTurları,Travel  
LüksSeyahat,Travel  
KültürMirasıGezileri,Travel  
UzaktanEğitim,Education  
LiderlikEğitimi,Education  
STEMProgramları,Education  
EğitimTeknolojileri,Education  
AkademikYazım,Education  
ÇocukGelişimi,Education  
ÜniversiteHazırlık,Education  
SınavStratejileri,Education  
DilÖğrenimi,Education  
ÖğrenmePsikolojisi,Education  
MeslekiEğitim,Education  
DisiplinlerarasıEğitim,Education  
ErkenÇocuklukEğitimi,Education  
SertifikaProgramları,Education  
EleştirelDüşünme,Education  
MentorlukProgramları,Education  
KariyerPlanlama,Education  
EğitimSosyolojisi,Education  
AkademikKonferanslar,Education  
ÖğrenciKoçluğu,Education  
YogaMeditasyonu,HealthAndWellness  
Aromaterapi,HealthAndWellness  
Refleksoloji,HealthAndWellness  
BitkiselTedavi,HealthAndWellness  
SağlıklıBeslenme,HealthAndWellness  
NefesEgzersizleri,HealthAndWellness  
MentalSağlık,HealthAndWellness  
FizikselRehabilitasyon,HealthAndWellness  
KişiselGelişim,HealthAndWellness  
AlternatifTıp,HealthAndWellness  
Kriyoterapi,HealthAndWellness  
SporcuRehabilitasyonu,HealthAndWellness  
StresYönetimi,HealthAndWellness  
Biyoenerji,HealthAndWellness  
DetoksProgramları,HealthAndWellness  
UykuHijyeni,HealthAndWellness  
KadınSağlığı,HealthAndWellness  
MeditasyonTeknikleri,HealthAndWellness  
ŞifaSanatı,HealthAndWellness  
ZihinBedenBağlantısı,HealthAndWellness  
Girişimcilik,Other  
PazarlamaStratejileri,Other  
SosyalSorumluluk,Other  
İklimDeğişikliği,Other  
KrizYönetimi,Other  
KültürelFarkındalık,Other  
BireyselFinans,Other  
TeknolojiEtiği,Other  
ToplumsalCinsiyet,Other  
ToplumHizmeti,Other  
Gönüllülük,Other  
FinansalOkuryazarlık,Other  
MedyaAnalizi,Other  
HukukReformu,Other  
GayrimenkulYatırımı,Other  
SosyalBilimlerAraştırmaları,Other  
VeriGizliliği,Other  
DijitalDönüşüm,Other  
KariyerGelişimi,Other  
KültürPolitikaları,Other
Vaporwave,Music  
Synthpop,Music  
NewAge,Music  
NeoSoul,Music  
PostPunk,Music  
GarageRock,Music  
Grime,Music  
Shoegaze,Music  
Chillstep,Music  
FolkRock,Music  
KlasikOpera,Music  
Emo,Music  
TrapSoul,Music  
TripHop,Music  
NoiseRock,Music  
Dancehall,Music  
Industrial,Music  
PopPunk,Music  
Britpop,Music  
PostHardcore,Music 
SiberFizik,Technology  
VeriMühendisliği,Technology  
DoğalDilİşleme,Technology  
DerinÖğrenme,Technology  
BilgisayarGrafikleri,Technology  
GömülüSistemler,Technology  
KritikAltyapılar,Technology  
YapaySinirAğları,Technology  
SanalAsistanlar,Technology  
YapayGörü,Technology  
OyunFizikleri,Technology  
VeriMadenciliği,Technology  
BilgiGüvenliği,Technology  
VeriDepolama,Technology  
MobilSistemler,Technology  
YazılımMimari,Technology  
SistemAnalizi,Technology  
MakineÖğrenimi,Technology  
BüyükVeri,Technology  
RobotikKollaborasyon,Technology  
KetoDiyet,FoodAndDrink  
YerelTatlar,FoodAndDrink  
SüperGıdalar,FoodAndDrink  
TatlıSüsleme,FoodAndDrink  
GurmeMutfak,FoodAndDrink  
DenizÜrünleri,FoodAndDrink  
VeganTatlılar,FoodAndDrink  
BaharatKullanımı,FoodAndDrink  
Soğukİçecekler,FoodAndDrink  
PişirmeTeknikleri,FoodAndDrink  
PeynirÇeşitleri,FoodAndDrink  
YöreselÇorbalar,FoodAndDrink  
ŞefYarışmaları,FoodAndDrink  
YemekFotoğrafçılığı,FoodAndDrink  
RestoranYönetimi,FoodAndDrink  
KahveDemlemeTeknikleri,FoodAndDrink  
ÇikolataSanatı,FoodAndDrink  
BaristaKursları,FoodAndDrink  
FastFoodKültürü,FoodAndDrink  
ZeytinyağıÜretimi,FoodAndDrink  
KetoDiyet,FoodAndDrink  
YerelTatlar,FoodAndDrink  
SüperGıdalar,FoodAndDrink  
TatlıSüsleme,FoodAndDrink  
GurmeMutfak,FoodAndDrink  
DenizÜrünleri,FoodAndDrink  
VeganTatlılar,FoodAndDrink  
BaharatKullanımı,FoodAndDrink  
Soğukİçecekler,FoodAndDrink  
PişirmeTeknikleri,FoodAndDrink  
PeynirÇeşitleri,FoodAndDrink  
YöreselÇorbalar,FoodAndDrink  
ŞefYarışmaları,FoodAndDrink  
YemekFotoğrafçılığı,FoodAndDrink  
RestoranYönetimi,FoodAndDrink  
KahveDemlemeTeknikleri,FoodAndDrink  
ÇikolataSanatı,FoodAndDrink  
BaristaKursları,FoodAndDrink  
FastFoodKültürü,FoodAndDrink  
ZeytinyağıÜretimi,FoodAndDrink  
Crossfit,Sports  
Kaykay,Sports  
Parkur,Sports  
BisikletTurları,Sports  
YamaçParaşütü,Sports  
SuTopu,Sports  
Rugby,Sports  
Kickboks,Sports  
MMA,Sports  
EskiOlimpiyatSporları,Sports  
MotorYarışları,Sports  
ExtremeSporlar,Sports  
SuSporları,Sports  
YarışAtçılığı,Sports  
DağBisikleti,Sports  
Hokey,Sports  
Windsurfing,Sports  
Snowboard,Sports  
BuzPateni,Sports  
YelkenSörfü,Sports  
KültürMirasıGezileri,Travel  
Ekoturizm,Travel  
GastronomiTurizmi,Travel  
FotoğrafGezileri,Travel  
SafariTurları,Travel  
MaceraSeyahatleri,Travel  
YerelFestivaller,Travel  
SırtÇantalıGeziler,Travel  
DenizYolculukları,Travel  
LüksTurizm,Travel  
DağTırmanışı,Travel  
KampçılıkTurları,Travel  
TarihiYerler,Travel  
BisikletTurizmi,Travel  
KışTurizmi,Travel  
EkoLojistik,Travel  
SanatGezileri,Travel  
KültürelDeneyimler,Travel  
YerelKültürler,Travel  
ŞehirTurları,Travel  
DijitalEğitim,Education  
YapayZekaEğitimi,Education  
MeslekiKurslar,Education  
ÇocukPsikolojisi,Education  
BilimEğitimi,Education  
DilOkulları,Education  
YaratıcıYazarlık,Education  
EğitimPsikolojisi,Education  
MatematikEğitimi,Education  
ÖğrenmeTeknolojileri,Education  
EğitimYönetimi,Education  
İşaretDiliEğitimi,Education  
SertifikasyonProgramları,Education  
ÖzelEğitim,Education  
STEMAtölyeleri,Education  
UzaktanKurslar,Education  
LiderlikGelişimi,Education  
BeceriGeliştirme,Education  
EğitimdeYenilikler,Education  
Mentorluk,Education 
Homeopati,HealthAndWellness  
NefesTeknikleri,HealthAndWellness  
HolistikTerapi,HealthAndWellness  
Biofeedback,HealthAndWellness  
AyranTerapisi,HealthAndWellness  
DoğalKozmetik,HealthAndWellness  
SporFizyoterapisi,HealthAndWellness  
Reiki,HealthAndWellness  
SağlıklıYaşamTarzı,HealthAndWellness  
Ayurveda,HealthAndWellness  
DetoksYöntemleri,HealthAndWellness  
AlternatifTedavi,HealthAndWellness  
MentalSağlıkProgramları,HealthAndWellness  
ZihinBedenDenge,HealthAndWellness  
VitaminTedavisi,HealthAndWellness  
FizikTedavi,HealthAndWellness  
AromatikBitkiler,HealthAndWellness  
YaşamKoçluğu,HealthAndWellness  
KişiselBakım,HealthAndWellness  
GelenekselŞifa,HealthAndWellness  
KrizYönetimi,Other  
ToplumsalCinsiyetÇalışmaları,Other  
GönüllülükProgramları,Other  
SosyalGirişimler,Other  
FinansalPlanlama,Other  
ÇevrePolitikaları,Other  
MedyaStratejileri,Other  
İşDünyasıAnalizi,Other  
SosyalMedyaYönetimi,Other  
HukukDanışmanlığı,Other  
ToplumAraştırmaları,Other  
KültürelPolitikalar,Other  
KariyerGelişimi,Other  
DijitalPazarlama,Other  
VeriGizliliği,Other  
İşHayatıEğitimi,Other  
EnerjiSektörü,Other  
MültecilerVeGöç,Other  
TeknolojiEtik,Other  
İnovasyonYönetimi,Other  
Jazz,Music
Rock,Music
Pop,Music
Caz,Music
Elektronik,Music
Klasik,Music
Rap,Music
Hip-Hop,Music
Blues,Music
Funk,Music
Metal,Music
Reggae,Music
Indie,Music
Rock’n Roll,Music
Soul,Music
R&B,Music
Türk Müziği,Music
Dünya Müziği,Music
Enstrümantal,Music
Akustik,Music
Folk,Music
Latin,Music
Hard Rock,Music
Elektronik Dans Müziği,Music
Alternatif,Music
Opera,Music
Senfonik,Music
Trap,Music
House,Music
Techno,Music
Popüler Müzik,Music
Hüzünlü Müzik,Music
Canlı Müzik,Music
DJ Performansı,Music
Müzikal,Music
Orkestra,Music
Türk Sanat Müziği,Music
Türk Halk Müziği,Music
Klasik Müzik,Music
Müzik Festivali,Music
Gitar Müzik,Music
Piyano Müzik,Music
Vokal,Music
A Capella,Music
Müzik Atölyesi,Music
Müzik Eğitimleri,Music
Müzik Dersi,Music
Çocuk Müziği,Music
Müzikal Gösteri,Music
Jam Session,Music
Beat,Music
Enstrüman Çalışmaları,Music
Akor,Music
Koreografi,Music
Sözlü Müzik,Music
Şarkı Sözü,Music
Müzik Video,Music
Performans,Music
Müzik Eleştirisi,Music
Müzik Tarihi,Music
Müzik Arşivi,Music
Müzik Stüdyosu,Music
Remix,Music
DJ Set,Music
Müzik Prodüksiyonu,Music
Popüler Şarkılar,Music
Vokal Performansı,Music
Solo Performans,Music
Grup Performansı,Music
Deneysel Müzik,Music
Enstrümantal Müzik,Music
Müzik Terapisi,Music
Müzik Enstrümanları,Music
Akustik Performans,Music
Müzik Yayını,Music
Solo Şarkı,Music
Grunge,Music
Elektronik Müzik,Music
Beatmaking,Music
Psychedelic,Music
Ambient,Music
Drum and Bass,Music
Reggaeton,Music
Hardstyle,Music
Trance,Music
Dubstep,Music
Lo-fi,Music
Synthwave,Music
Chillwave,Music
Downtempo,Music
Future Bass,Music
Experimental,Music
Müzik Kariyeri,Music
Müzik Gelişimi,Music
Orkestra Çalışmaları,Music
Müzik Yorumlama,Music
Şarkı Yapımı,Music
Enstrümantal Çalışmalar,Music
Çocuk Şarkıları,Music
Müzik Prodüktörlüğü,Music
Film Müzikleri,Music
Dizi Müzikleri,Music
Müzikal Performans,Music
Djing,Music
Karaoke,Music
Doğaçlama,Music
Elektro Akustik,Music
Baterist,Music
Klarnet,Music
Trompet,Music
Müzik Stili,Music
Müzik Topluluğu,Music
Pop Müzik,Music
Gece Müzikleri,Music
Caz Konseri,Music
Orkestrasyon,Music
Etno Müzik,Music
Kapsül Müzik,Music
Gençlik Müzikleri,Music
Oyun Müzikleri,Music
Video Game Music,Music
Film Orkestrasyonu,Music
Rock Festivali,Music
Müzik Yarışması,Music
Besteci,Music
Hızlı Müzik,Music
Yavaş Müzik,Music
Temalı Müzik,Music
Müzik Edebiyatı,Music
Yunan Müzikleri,Music
İspanyol Müzikleri,Music
Fransızca Müzik,Music
İtalyanca Müzik,Music
İngilizce Müzik,Music
Arap Müziği,Music
Hint Müzikleri,Music
Afrika Müziği,Music
Japon Müzikleri,Music
Asya Müzikleri,Music
Dünya Müzikleri,Music
Brezilya Müzikleri,Music
Güney Amerika Müzikleri,Music
Asya Müzikleri,Music
Zamanında Müzik,Music
Geleneksel Müzik,Music
Müzik Konseri,Music
Popüler Şarkılar,Music
Sürekli Müzik,Music
Müzik Kültürü,Music
Şarkı Söyleme,Music
Karaoke Gecesi,Music
Sahne Performansı,Music
Çeşitli Müzik,Music
Elektrik Gitar Müzikleri,Music
Doğa Müzikleri,Music
Ünlü Şarkılar,Music
Popüler Şarkı Listesi,Music
Hafif Müzik,Music
Hızlı Tempo,Music
Romantik Müzik,Music
Lirik Müzik,Music
Swing,Music
Harmoni,Music
Mikrofon Müzik,Music
Sürükleyici Müzik,Music
Klasik Konser,Music
Orkestra Şefliği,Music
Sanat Müzikleri,Music
Popüler Konser,Music
Sesli Performans,Music
Müzik İzleyicisi,Music
Müzik Terapi,Music
Öğretici Müzik,Music
Müzik Gelişimi,Music
Orkestral Müzik,Music
Müzik Eğitimi,Music
Şarkı Yazarlığı,Music
Yerel Müzik,Music
Yenilikçi Müzik,Music
Hip Hop Konseri,Music
Müzik Buluşması,Music
Kültürel Müzik,Music
Konser Verme,Music
Enstrüman Öğrenme,Music
Global Müzik,Music
Klasik Eğitim,Music
Solo Performans,Music
Katılımcı Müzik,Music
Repertuar,Music
Genç Müzik,Music
Toplu Performans,Music
Müzik Bilgisi,Music
Müzik Analizi,Music
Orkestra Ekipmanı,Music
Eğlenceli Müzik,Music
Müzik Teorisi,Music
Uzakdoğu Müzikleri,Music
Müzik Psikolojisi,Music
Müzik Dinleme,Music
Enstrümantal Konser,Music
Müzik Analizi,Music
Yüksek Öğretim,Education
İlköğretim,Education
Ortaöğretim,Education
Mesleki Eğitim,Education
Çevrimiçi Öğrenme,Education
Uzaktan Eğitim,Education
Özel Eğitim,Education
Yetişkin Eğitimi,Education
K-12 Eğitim,Education
STEM Eğitimi,Education
STEM Programları,Education
Matematik Eğitimi,Education
Fen Eğitimi,Education
Okuryazarlık Eğitimi,Education
Dil Sanatları,Education
Tarih Eğitimi,Education
Coğrafya Eğitimi,Education
Sosyal Bilgiler Eğitimi,Education
Bilgisayar Bilimleri Eğitimi,Education
Mühendislik Eğitimi,Education
Tıp Eğitimi,Education
Hemşirelik Eğitimi,Education
İşletme Eğitimi,Education
Hukuk Eğitimi,Education
Sanat Eğitimi,Education
Fiziksel Eğitim,Education
Müzik Eğitimi,Education
Drama Eğitimi,Education
Yabancı Dil Eğitimi,Education
Vatandaşlık Eğitimi,Education
Çevre Eğitimi,Education
Teknoloji Eğitimi,Education
Erken Çocukluk Eğitimi,Education
Öğretmen Eğitimi,Education
Eğitim Psikolojisi,Education
Müfredat Geliştirme,Education
Okul Yönetimi,Education
Eğitim Liderliği,Education
Öğrenme Teorileri,Education
Pedagoji,Education
Eğitim Teknolojisi,Education
Eğitim Politikası,Education
Standartlaştırılmış Testler,Education
Notlandırma Sistemleri,Education
Okul Sistemleri,Education
İkili Eğitim,Education
Çokdilli Eğitim,Education
Kültürel Yeterlilik Eğitiminde,Education
Evde Eğitim,Education
Özel Okullar,Education
Devlet Okulları,Education
Kapsayıcı Eğitim,Education
Üstün Zeka Eğitimi,Education
Çevrimiçi Derece Programları,Education
Eğitim Değerlendirmeleri,Education
Öğrenci Motivasyonu,Education
Öğrenme Tarzları,Education
Çalışma Becerileri,Education
Test Hazırlığı,Education
Eğitim Oyunları,Education
Özel Ders,Education
Çalışma Grupları,Education
Eğitim Eşitliği,Education
Uluslararası Eğitim,Education
Vatandaşlık Eğitimi,Education
Yaşam Becerileri Eğitimi,Education
Sağlık Eğitimi,Education
Finansal Okuryazarlık Eğitimi,Education
Cinsel Eğitim,Education
Etik Eğitimi,Education
Karakter Eğitimi,Education
Sosyal Duygusal Öğrenme,Education
Cinsel Kimlik Eğitimi,Education
Kariyer Eğitimi,Education
Üniversiteye Hazırlık,Education
Teknik Eğitim,Education
Dijital Okuryazarlık,Education
İşgücü Gelişimi,Education
Girişimcilik Eğitimi,Education
Hayat Boyu Öğrenme,Education
Toplum Kolejleri,Education
Meslek Okulları,Education
Yetişkin Okuryazarlığı,Education
Üniversite Dersleri,Education
Yüksek Lisans Programları,Education
Doktora Programları,Education
Doktora Eğitimi,Education
Dil Edinimi,Education
Dil Daldırma,Education
Öğrenci Başarısı,Education
Ebeveyn Katılımı,Education
Öğretmen Rehberliği,Education
Öğrenci Arkadaşlığı,Education
Öğrenme Engelleri,Education
Konuşma ve Dil Eğitimi,Education
Sanat Terapisi Eğitimi,Education
Yaratıcı Yazarlık Eğitimi,Education
Müzik Terapisi Eğitimi,Education
Davranış Terapisi Eğitimi,Education
Zihinsel Farkındalık Eğitimi,Education
Montessori Eğitimi,Education
Reggio Emilia Yaklaşımı,Education
Oyun Bazlı Öğrenme,Education
Okuldan Önce Eğitim,Education
Yetişkin Eğitimi,Education
Eğitim Araçları,Education
Çevrimiçi Sınıflar,Education
Sanal Sınıflar,Education
Eğitim Uygulamaları,Education
Kapsayıcı Okullar,Education
Yetişkin Eğitim Programları,Education
Eğitimde Teknoloji Kullanımı,Education
Çevrimiçi Eğitim Platformları,Education
Öğrenci Başarı İzleme,Education
Eğitimde İnovasyon,Education
Öğretmen İnovasyonu,Education
Eğitimde Yapay Zeka,Education
Dijital Eğitim,Education
İnteraktif Eğitim,Education
Eğitimde Video Kullanımı,Education
Eğitimde Oyunlaştırma,Education
Dijital Eğitim Kaynakları,Education
Eğitimde Gamifikasyon,Education
Akıllı Sınıflar,Education
Çevrimiçi Eğitim Sertifikaları,Education
Yapay Zeka ve Eğitim,Education
Eğitimde Robotik,Education
Eğitimde Blockchain,Education
Kişisel Gelişim ve Eğitim,Education
Öğrenci Deneyimi,Education
Okul Güvenliği,Education
Eğitimde Dijitalleşme,Education
Okul İyileştirmeleri,Education
Dijital Eğitim Araçları,Education
Öğrenme Yönetim Sistemleri,Education
Sosyal Duygusal Öğrenme Programları,Education
Eğitimde Veri Analitiği,Education
Fitness,Health & Wellness
Beslenme,Health & Wellness
Zihinsel Sağlık,Health & Wellness
Fiziksel Terapi,Health & Wellness
Yoga,Health & Wellness
Pilates,Health & Wellness
Meditasyon,Health & Wellness
Uyku Sağlığı,Health & Wellness
Stres Yönetimi,Health & Wellness
Kronik Ağrı Yönetimi,Health & Wellness
Zayıflama,Health & Wellness
Sağlıklı Beslenme,Health & Wellness
Sporcu Beslenmesi,Health & Wellness
Farkındalık,Health & Wellness
Vegan Diyeti,Health & Wellness
Vejetaryen Diyeti,Health & Wellness
Gluten-Free Diyeti,Health & Wellness
Keto Diyeti,Health & Wellness
Aralıklı Oruç,Health & Wellness
Holistik Sağlık,Health & Wellness
Ayurveda,Health & Wellness
Bitkisel Tedavi,Health & Wellness
Masaj Terapisi,Health & Wellness
Akupunktur,Health & Wellness
Kiropraktik Bakım,Health & Wellness
Reiki,Health & Wellness
Aromaterapi,Health & Wellness
Detoks,Health & Wellness
Sıkılaşma,Health & Wellness
Şifalı Bitkiler,Health & Wellness
Organik Gıda,Health & Wellness
Takviyeler,Health & Wellness
Hidrasyon,Health & Wellness
Fitness Dersleri,Health & Wellness
Kişisel Eğitim,Health & Wellness
Sağlık Koçluğu,Health & Wellness
Kilo Yönetimi,Health & Wellness
Kendine Bakım,Health & Wellness
Zihinsel Sağlık Danışmanlığı,Health & Wellness
Bağımlılık Tedavisi,Health & Wellness
Depresyon Yönetimi,Health & Wellness
Anksiyete Yönetimi,Health & Wellness
Bilişsel Davranışçı Terapi,Health & Wellness
Hayat Koçluğu,Health & Wellness
Pozitif Psikoloji,Health & Wellness
Yas Danışmanlığı,Health & Wellness
Terapi Hayvanları,Health & Wellness
Stres Rahatlatıcı Yöntemler,Health & Wellness
Nefes Egzersizleri,Health & Wellness
Kendine Merhamet,Health & Wellness
Ruhsal Sağlık,Health & Wellness
Alternatif Tıp,Health & Wellness
Sağlık Geri Çekilmeleri,Health & Wellness
Holistik Beslenme,Health & Wellness
Ağrı Hafifletme,Health & Wellness
Fiziksel Fitness,Health & Wellness
Koşu,Health & Wellness
Bisiklet,Health & Wellness
Ağırsiklet,Health & Wellness
Esneme Antrenmanı,Health & Wellness
Yüzme,Health & Wellness
Dağcılık,Health & Wellness
Ekip Sporları,Health & Wellness
Savaş Sanatları,Health & Wellness
Esneme,Health & Wellness
Kardiyo,Health & Wellness
Ağırsiklet,Health & Wellness
CrossFit,Health & Wellness
Yüksek Yoğunluklu Antrenman,Health & Wellness
Sporcu Yaralanmaları,Health & Wellness
Duruş Düzeltme,Health & Wellness
Uyku Bozuklukları,Health & Wellness
Uyku Hijyeni,Health & Wellness
Restoratif Yoga,Health & Wellness
Güçlü Yoga,Health & Wellness
Vinyasa Yoga,Health & Wellness
Hatha Yoga,Health & Wellness
Yin Yoga,Health & Wellness
Sıcak Yoga,Health & Wellness
Yoga Esneklik İçin,Health & Wellness
Yoga Güç İçin,Health & Wellness
Yoga Stresi Azaltma İçin,Health & Wellness
Zihin-Beden Bağlantısı,Health & Wellness
Fitness Takip Cihazları,Health & Wellness
Giyilebilir Sağlık Cihazları,Health & Wellness
Sağlık Uygulamaları,Health & Wellness
Yemek Planlama,Health & Wellness
Yemek Hazırlığı,Health & Wellness
Egzersiz Rutinleri,Health & Wellness
Kardiyovasküler Sağlık,Health & Wellness
Eklemler Sağlığı,Health & Wellness
Kemik Sağlığı,Health & Wellness
Bağışıklık Sistemi Güçlendirme,Health & Wellness
Sindirim Sağlığı,Health & Wellness
Cilt Bakımı,Health & Wellness
Saç Bakımı,Health & Wellness
Ağız Sağlığı,Health & Wellness
Zihinsel Netlik,Health & Wellness
Bilişsel Sağlık,Health & Wellness
Beyin Sağlığı,Health & Wellness
Odaklanma ve Konsantrasyon,Health & Wellness
Sinir Sistemi Sağlığı,Health & Wellness
Hormonal Sağlık,Health & Wellness
Kadın Sağlığı,Health & Wellness
Erkek Sağlığı,Health & Wellness
Yaşlı Sağlığı,Health & Wellness
Aile Sağlığı,Health & Wellness
Hamilelik Sağlığı,Health & Wellness
Doğum Sonrası Sağlık,Health & Wellness
Bebek Bakımı,Health & Wellness
Çocuk Sağlığı,Health & Wellness
Genç Sağlığı,Health & Wellness
Ergen Sağlığı,Health & Wellness
Bağışıklık Desteği,Health & Wellness
Yaşlanma Karşıtı,Health & Wellness
Sağlık Programları,Health & Wellness
Zayıflama Programları,Health & Wellness
Detoks Programları,Health & Wellness
Holistik İyileşme,Health & Wellness
Bitkisel Takviyeler,Health & Wellness
Kiropraktik,Health & Wellness
Akupresür,Health & Wellness
Ayak Terapisi,Health & Wellness
Sıcak Taş Terapisi,Health & Wellness
Aromaterapi Masajı,Health & Wellness
Ağrı Hafifletme Yöntemleri,Health & Wellness
Şifa Terapileri,Health & Wellness
Alternatif Şifa,Health & Wellness
Stresten Arınma,Health & Wellness
Sağlıklı Yaşam Seçimleri,Health & Wellness
Sağlık Geri Çekilmeleri,Health & Wellness
Kendine Bakım Uygulamaları,Health & Wellness
Kişisel Sağlık,Health & Wellness
Enerji İyileştirme,Health & Wellness
Ruhsal Sağlık,Health & Wellness
Zayıflama Stratejileri,Health & Wellness
Kronik Hastalık Yönetimi,Health & Wellness
Holistik Zayıflama,Health & Wellness
Sağlık Koçluğu,Health & Wellness
Alternatif Terapiler,Health & Wellness
Futbol,Sports
Basketbol,Sports
Tenis,Sports
Beyzbol,Sports
Kriket,Sports
Ragbi,Sports
Amerikan Futbolu,Sports
Voleybol,Sports
Masa Tenisi,Sports
Badminton,Sports
Golf,Sports
Atletizm,Sports
Yüzme,Sports
Bisiklet,Sports
Boks,Sports
MMA,Sports
Güreş,Sports
Jimnastik,Sports
Pist ve Alan,Sports
Hokey,Sports
Buz Hokeyi,Sports
Kayak,Sports
Kar Kayağı,Sports
Formula 1,Sports
Motorsporları,Sports
At Yarışı,Sports
Kürek,Sports
Okçuluk,Sports
Eskrim,Sports
Tabanca Atışı,Sports
Ragbi Sevens,Sports
Ragbi Ligi,Sports
Yelken,Sports
Sörf,Sports
Rüzgar Sörfü,Sports
Kano,Sports
Kayakla Gitme,Sports
Dağcılık,Sports
Parkur,Sports
BMX,Sports
Kaykay,Sports
Kar Motoru,Sports
Luğa,Sports
Bobslay,Sports
Triatlon,Sports
Pentatlon,Sports
Binicilik,Sports
Kano Polo,Sports
Plaj Voleybolu,Sports
Hentbol,Sports
Lacrosse,Sports
Netbol,Sports
Kabaddi,Sports
Sepak Takraw,Sports
Korfbol,Sports
Polo,Sports
Ultimate Frisbee,Sports
Dodgeball,Sports
Futsal,Sports
Kapalı Voleybol,Sports
Kapalı Futbol,Sports
Hızlı Kayak,Sports
Figürlü Kayak,Sports
Motokros,Sports
Dayanıklılık Yarışı,Sports
Yüzme Bayrağı,Sports
Maraton,Sports
Uzun Mesafe Koşusu,Sports
Kısa Mesafe Koşusu,Sports
Sprint,Sports
Dekatlon,Sports
Sırıkla Atlama,Sports
Gülle Atma,Sports
Disk Atma,Sports
Cirit,Sports
Yüksek Atlama,Sports
Üçlü Atlama,Sports
Uzun Atlama,Sports
Halat Atma,Sports
Engelli Koşu,Sports
Su Engelli Koşusu,Sports
Eldivenli Basketbol,Sports
Tekerlekli Sandalye Basketbolu,Sports
Tekerlekli Sandalye Ragbisi,Sports
Kör Futbolu,Sports
Para-Tenis,Sports
Özel Olimpiyatlar,Sports
Adaptif Kürek,Sports
Adaptif Kayak,Sports
Para-Bisiklet,Sports
Tekerlekli Sandalye Tenisi,Sports
Para-Golf,Sports
Para-Okçuluk,Sports
Para-Badminton,Sports
Powerlifting,Sports
Ağırsiklet,Sports
Strongman,Sports
CrossFit,Sports
Yoga,Sports
Pilates,Sports
Tai Chi,Sports
Esneme,Sports
Zumba,Sports
Aerobik,Sports
Dans,Sports
Bale,Sports
Hip Hop Dansı,Sports
Caz Dansı,Sports
Çağdaş Dans,Sports
Salsa,Sports
Tango,Sports
Breakdans,Sports
Kapoeira,Sports
Savaş Sanatları,Sports
Karate,Sports
Judo,Sports
Taekwondo,Sports
Kung Fu,Sports
Kickboks,Sports
Muay Thai,Sports
Boks Egzersizi,Sports
Kendini Savunma,Sports
Karışık Dövüş Sanatları,Sports
Boks Antrenmanı,Sports
Vücut Geliştirme,Sports
Powerlifting Antrenmanı,Sports
Fitness Antrenmanı,Sports
Dayanıklılık Antrenmanı,Sports
Güç Antrenmanı,Sports
Kardiyo Antrenmanı,Sports
Fonksiyonel Antrenman,Sports
Spor Beslenmesi,Sports
Spor Psikolojisi,Sports
Spor Tıbbı,Sports
Spor Rehabilitasyonu,Sports
Atletik Antrenman,Sports
Spor Bilimi,Sports
Spor Koçluğu,Sports
Spor Yönetimi,Sports
Spor Pazarlaması,Sports
Spor Gazeteciliği,Sports
Spor Fotoğrafçılığı,Sports
Spor Yayıncılığı,Sports
Spor Yorumculuğu,Sports
Spor Sponsorlukları,Sports
Spor Hukuku,Sports
Spor Etkinlikleri,Sports
Spor Turnuvaları,Sports
Spor Festivalleri,Sports
Spor Yarışmaları,Sports
Spor Ligleri,Sports
Spor Kulüpleri,Sports
Spor Kuruluşları,Sports
Fantazi Sporlar,Sports
Esports,Sports
Video Oyunları,Sports
Spor Yayıncılığı,Sports
Spor Etkileşimi,Sports
Spor Teknolojisi,Sports
Giyilebilir Spor Cihazları,Sports
Spor Analitiği,Sports
Spor Performansı,Sports
Spor Yayıncılığı,Sports
Atlet Sponsorlukları,Sports
Spor Modası,Sports
Spor Taraftar Ekipmanları,Sports
Spor Giyim,Sports
Fitness Ekipmanları,Sports
Jimnastik Ekipmanları,Sports
Spor Tesisleri,Sports
Spor Erişilebilirliği,Sports
Adaptif Sporlar,Sports
Yazılım Geliştirme,Technology
Yapay Zeka,Technology
Makine Öğrenimi,Technology
Derin Öğrenme,Technology
Veri Bilimi,Technology
Blok Zinciri,Technology
Siber Güvenlik,Technology
Bulut Bilişim,Technology
Nesnelerin İnterneti,Technology
Sanal Gerçeklik,Technology
Artırılmış Gerçeklik,Technology
Büyük Veri,Technology
Robotik,Technology
Bilgisayarla Görme,Technology
Doğal Dil İşleme,Technology
DevOps,Technology
Kuantum Bilişim,Technology
Edge Bilişim,Technology
5G,Technology
Otonom Araçlar,Technology
Giyilebilir Teknolojiler,Technology
Akıllı Evler,Technology
Akıllı Şehirler,Technology
Nanoteknoloji,Technology
3D Yazıcı,Technology
İnsansız Hava Araçları,Technology
Biyoteknoloji,Technology
Genomik,Technology
Tarım Teknolojisi,Technology
Fintech,Technology
E-ticaret,Technology
Dijital Dönüşüm,Technology
Blok Zinciri Geliştirme,Technology
Yapay Zeka Etikleri,Technology
Teknoloji Girişimciliği,Technology
IoT Güvenliği,Technology
Bulut Güvenliği,Technology
Veri Gizliliği,Technology
Teknoloji Konferansları,Technology
Teknoloji Atölyeleri,Technology
Programlama Dilleri,Technology
Python Programlaması,Technology
Java Geliştirme,Technology
C++ Programlaması,Technology
Web Geliştirme,Technology
Mobil Geliştirme,Technology
Oyun Geliştirme,Technology
Full Stack Geliştirme,Technology
Front End Geliştirme,Technology
Back End Geliştirme,Technology
Blok Zinciri Güvenliği,Technology
Bulut Platformları,Technology
AWS,Technology
Google Cloud,Technology
Microsoft Azure,Technology
Veritabanı Yönetimi,Technology
Veri Analizi,Technology
İş Zekası,Technology
Makine Öğrenimi Algoritmaları,Technology
Yapay Zeka Modelleri,Technology
Ses Tanıma,Technology
Chatbotlar,Technology
Akıllı Cihazlar,Technology
Mobil Uygulamalar,Technology
Web Uygulamaları,Technology
Yazılım Testi,Technology
Agile Metodolojisi,Technology
Scrum,Technology
Kanban,Technology
Test Otomasyonu,Technology
Sürekli Entegrasyon,Technology
Sürekli Dağıtım,Technology
IT Altyapısı,Technology
Veri Madenciliği,Technology
Tahmine Dayalı Analiz,Technology
Robotik Süreç Otomasyonu,Technology
Akıllı Giyilebilir Teknolojiler,Technology
Teknoloji Yenilikleri,Technology
Akıllı Gözlükler,Technology
Siber Fiziksel Sistemler,Technology
Dijital İkizler,Technology
IoT Cihazları,Technology
Yapay Zeka Sağlıkta,Technology
Yapay Zeka Finansal Teknolojilerde,Technology
Yapay Zeka Eğitimde,Technology
Yapay Zeka Perakendede,Technology
Yapay Zeka Üretimde,Technology
Yapay Zeka Taşımacılıkta,Technology
Yapay Zeka Tarımda,Technology
Sesli Asistanlar,Technology
Bulut Yerlisi,Technology
Mikroservisler,Technology
API Geliştirme,Technology
Sunucusuz Mimari,Technology
Veri Gölleri,Technology
Veri Depolama,Technology
Dağıtık Sistemler,Technology
Yapay Sinir Ağları,Technology
Bilgisayar Ağları,Technology
Ağ Güvenliği,Technology
Kriptografi,Technology
Dağıtık Defter Teknolojisi,Technology
Akıllı Sözleşmeler,Technology
Kripto Para,Technology
Akıllı Şehirler Gelişimi,Technology
Mobil Ödemeler,Technology
Dijital Cüzdanlar,Technology
Ödeme Sistemleri,Technology
Bulut Depolama,Technology
Teknoloji Destek,Technology
Teknoloji Blogları,Technology
Teknoloji Haberleri,Technology
Teknoloji Yorumları,Technology
Teknoloji ve İnovasyon,Technology
AR/VR Geliştirme,Technology
Web Kazıma,Technology
Veri Görselleştirme,Technology
Veri Yönetişimi,Technology
Veri Mühendisliği,Technology
Veri Bilimi Çerçeveleri,Technology
Yapay Zeka Çerçeveleri,Technology
Makine Öğrenimi Çerçeveleri,Technology
Edge AI,Technology
AI Çipleri,Technology
Hesaplama Biyolojisi,Technology
Yapay Zeka Robotiklerde,Technology
Otomasyon Araçları,Technology
Yapay Zeka Pazarlama,Technology
Yapay Zeka Müşteri Hizmetlerinde,Technology
Yapay Zeka İnsan Kaynaklarında,Technology
Yapay Zeka Güvenlikte,Technology
Yapay Zeka Perakendede,Technology
Fintech Yenilikleri,Technology
Teknoloji Çözümleri,Technology
Dijital Pazarlama,Technology
SEO Araçları,Technology
Web Tasarımı,Technology
Kullanıcı Deneyimi,Technology
DevOps Araçları,Technology
Sürekli Entegrasyon/Sürekli Dağıtım,Technology
Uygulama Geliştirme,Technology
Bulut Geliştirme,Technology
IT Proje Yönetimi,Technology
Teknoloji Liderliği,Technology
Sanal Laboratuvarlar,Technology
Teknoloji Ekosistemi,Technology
Teknoloji Toplulukları,Technology
Teknoloji Podcast'leri,Technology
Teknoloji Sosyal Medyası,Technology
Teknoloji Web Seminerleri,Technology
Yapay Zeka Etikleri,Technology
Siber Saldırı Önleme,Technology
Veri Şifreleme,Technology
Veri Yedekleme,Technology
Kurumsal Yazılım,Technology
Kurumsal Mimari,Technology
Sistem Yönetimi,Technology
Teknoloji Otomasyonu,Technology
Teknoloji Entegrasyonu,Technology
Teknoloji Standartları,Technology
Teknoloji Sertifikaları,Technology
Teknoloji Danışmanlığı,Technology
Teknoloji Eğitimi,Technology
Teknoloji Kaynakları,Technology
Dijital İnovasyon,Technology
Blok Zinciri Teknolojisi,Technology
Sağlık Teknolojisi,Technology
Eğitim Teknolojisi,Technology
Tarım Teknolojisi,Technology
Medikal Teknoloji,Technology
Teknoloji Girişimleri,Technology
IoT Akıllı Şehirlerde,Technology
Bulut Bilişim Mimarisi,Technology
Robotik Mühendisliği,Technology
Yapay Zeka Eğitim Verisi,Technology
Edge AI İşleme,Technology
Teknoloji Altyapısı,Technology
Mobil Güvenlik,Technology
IoT Güvenliği,Technology
Gizlilik Teknolojileri,Technology
Biyometrik Teknolojiler,Technology
Yapay Zeka Hizmeti,Technology
Teknoloji Geleceği,Technology
Akıllı Üretim,Technology
Yapay Zeka ile Analiz,Technology
Yapay Zeka Model Optimizasyonu,Technology
Kendi Kendine Sürüş Arabaları,Technology
Otonom İnsansız Hava Araçları,Technology
Kişisel Veri Koruma,Technology
Tasarımda Yapay Zeka,Technology
Gastronomi,Food & Drink
Şık Yemekler,Food & Drink
Sokak Yiyecekleri,Food & Drink
Mutfak Sanatları,Food & Drink
İçecekler,Food & Drink
Kahve,Food & Drink
Çay,Food & Drink
Şarap,Food & Drink
Bira,Food & Drink
Kokteyller,Food & Drink
Meyve Suları,Food & Drink
Smoothie,Food & Drink
Alkolsüz İçecekler,Food & Drink
Alkollü İçecekler,Food & Drink
Fırıncılık,Food & Drink
Tatlılar,Food & Drink
Dondurma,Food & Drink
Çikolata,Food & Drink
Pasta,Food & Drink
Hamur İşleri,Food & Drink
Kekler,Food & Drink
Kurabiyeler,Food & Drink
Pişmaniye,Food & Drink
Atıştırmalıklar,Food & Drink
Gurme Yemek,Food & Drink
Organik Gıda,Food & Drink
Vegan Yiyecek,Food & Drink
Vejetaryen Yiyecek,Food & Drink
Gluten-Free Yiyecek,Food & Drink
Düşük Karbonhidratlı Yiyecek,Food & Drink
Keto Diyeti,Food & Drink
Sağlıklı Yiyecek,Food & Drink
Diyet Yiyecek,Food & Drink
İslami Yiyecek,Food & Drink
Koşer Yiyecek,Food & Drink
Baharatlı Yiyecek,Food & Drink
Izgara Yiyecek,Food & Drink
Barbekü,Food & Drink
Kızartmalar,Food & Drink
Şişler,Food & Drink
Açık Hava Pişirme,Food & Drink
Deniz Ürünleri,Food & Drink
Balık,Food & Drink
Karides,Food & Drink
Sushi,Food & Drink
Pizza,Food & Drink
Makarna,Food & Drink
Noodle,Food & Drink
Çin Mutfağı,Food & Drink
İtalyan Mutfağı,Food & Drink
Meksika Mutfağı,Food & Drink
Hint Mutfağı,Food & Drink
Fransız Mutfağı,Food & Drink
Japon Mutfağı,Food & Drink
Yunan Mutfağı,Food & Drink
Orta Doğu Mutfağı,Food & Drink
Tayland Mutfağı,Food & Drink
Türk Mutfağı,Food & Drink
Fas Mutfağı,Food & Drink
Brezilya Mutfağı,Food & Drink
Afrika Mutfağı,Food & Drink
Cajun Mutfağı,Food & Drink
Karayip Mutfağı,Food & Drink
Amerikan Mutfağı,Food & Drink
Şiş Yiyecek,Food & Drink
Salatalar,Food & Drink
Çorbalar,Food & Drink
Sandviçler,Food & Drink
Hamburgerler,Food & Drink
Sosisli Sandviçler,Food & Drink
Taco,Food & Drink
Burrito,Food & Drink
Köri,Food & Drink
Kısır,Food & Drink
Pilav,Food & Drink
Dumpling,Food & Drink
Dim Sum,Food & Drink
Kızartma Yiyecek,Food & Drink
Sokak Yiyecek Kamyonları,Food & Drink
Yiyecek Pazarları,Food & Drink
Çiftçi Pazarları,Food & Drink
Yiyecek Festivalleri,Food & Drink
Mutfak Dersleri,Food & Drink
Şarap Tadımı,Food & Drink
Bira Tadımı,Food & Drink
Kokteyl Yapımı,Food & Drink
Yiyecek Eşleştirme,Food & Drink
Yemek Geliştirme,Food & Drink
Yemek Fotoğrafçılığı,Food & Drink
Yemek Blogları,Food & Drink
Yemek ve İçecek Endüstrisi,Food & Drink
Mutfak Turizmi,Food & Drink
Kahve Kültürü,Food & Drink
Çay Kültürü,Food & Drink
Organik Ürünler,Food & Drink
Yerel Gıda,Food & Drink
Yiyecek Kamyonları,Food & Drink
Sağlıklı Tarifler,Food & Drink
Vejetaryen Tarifler,Food & Drink
Vegan Tarifler,Food & Drink
Gluten-Free Tarifler,Food & Drink
Düşük Karbonhidratlı Tarifler,Food & Drink
Keto Tarifler,Food & Drink
Pişirme Teknikleri,Food & Drink
Yemek Hazırlığı,Food & Drink
Yemek Sunumu,Food & Drink
Fırınlama,Food & Drink
Pasta Süsleme,Food & Drink
Sosis Yapımı,Food & Drink
Peynir Yapımı,Food & Drink
Çikolata Yapımı,Food & Drink
Turşu Yapımı,Food & Drink
Fermentasyon,Food & Drink
Koruma,Food & Drink
İçecek Üretimi,Food & Drink
Evde Bira Yapımı,Food & Drink
Konserve Yapımı,Food & Drink
Sofra Lezzetleri,Food & Drink
Sokak Yiyeceği Kültürü,Food & Drink
Yiyecek Eleştirisi,Food & Drink
Yiyecek Güvenliği,Food & Drink
Sürdürülebilir Yiyecek,Food & Drink
Yiyecek İsrafını Azaltma,Food & Drink
Sıfır Atık Yemek Yapımı,Food & Drink
Etik Yiyecek,Food & Drink
Yiyecek Ambalajı,Food & Drink
Çiftlikten Sofraya,Food & Drink
Mevsimlik Yiyecek,Food & Drink
Yerel Yiyecek Trendleri,Food & Drink
Yiyecek Sürdürülebilirliği,Food & Drink
Sanat Sergileri,Art & Culture
Sanat Galerileri,Art & Culture
Tiyatro Gösterileri,Art & Culture
Dans Gösterileri,Art & Culture
Film Festivalleri,Art & Culture
Müzik Konserleri,Art & Culture
Opera,Art & Culture
Bale,Art & Culture
Caz Festivalleri,Art & Culture
Kültürel Festivaller,Art & Culture
Sanat Enstalasyonları,Art & Culture
Sokak Sanatı,Art & Culture
Fotoğraf,Art & Culture
Heykel,Art & Culture
Resim,Art & Culture
Güzel Sanatlar,Art & Culture
Geleneksel Sanat,Art & Culture
Modern Sanat,Art & Culture
Çağdaş Sanat,Art & Culture
Soyut Sanat,Art & Culture
Fotoğraf Sergileri,Art & Culture
El Sanatları,Art & Culture
Kültürel Miras,Art & Culture
Edebiyat,Art & Culture
Şiir,Art & Culture
Hikaye Anlatıcılığı,Art & Culture
Yazarlar,Art & Culture
Kitap Fuarları,Art & Culture
Okuma Etkinlikleri,Art & Culture
Yazarlık Atölyeleri,Art & Culture
Tiyatro Prodüksiyonları,Art & Culture
Müzikal Gösteriler,Art & Culture
Drama,Art & Culture
Komedi Gösterileri,Art & Culture
Tarihsel Oyunlar,Art & Culture
Kültürel Performanslar,Art & Culture
Sanatsal Hareketler,Art & Culture
Dans Festivalleri,Art & Culture
Opera Performansları,Art & Culture
Sirk Sanatları,Art & Culture
Kültür Turları,Art & Culture
Müzeler,Art & Culture
Müze Sergileri,Art & Culture
Müze Etkinlikleri,Art & Culture
Sanat Eğitimi,Art & Culture
Yaratıcı Yazarlık,Art & Culture
Sanat Tarihi,Art & Culture
Film Gösterimleri,Art & Culture
Film Prömiyerleri,Art & Culture
Belgeseller,Art & Culture
Kısa Filmler,Art & Culture
Film Eleştirisi,Art & Culture
Kültürel Diyaloglar,Art & Culture
Antropoloji,Art & Culture
Müzik Tarihi,Art & Culture
Kültürel Etkinlikler,Art & Culture
Kültürel Kuruluşlar,Art & Culture
Sanat Galerisi Turları,Art & Culture
Kültürel Alanlar,Art & Culture
Pop Art,Art & Culture
Klasik Müzik,Art & Culture
Caz Müzik,Art & Culture
Dünya Müzikleri,Art & Culture
Halk Müzikleri,Art & Culture
Rock Müzik,Art & Culture
Film Festivalleri Dünyada,Art & Culture
Sanat Eleştirisi,Art & Culture
Halka Açık Sanat,Art & Culture
Sanat Enstalasyonları,Art & Culture
Moda Gösterileri,Art & Culture
Moda Sergileri,Art & Culture
Kültürel Miras Alanları,Art & Culture
El Sanatları,Art & Culture
Sanat Terapisi,Art & Culture
Grafik Tasarım,Art & Culture
Sokak Performansları,Art & Culture
Müzik Konserleri Dünyada,Art & Culture
Kültürel Koruma,Art & Culture
Sanat Koleksiyonculuğu,Art & Culture
Sanat Müzayedeleri,Art & Culture
El Yapımı Ürünler,Art & Culture
Kültürel Turlar,Art & Culture
Klasik Sanat,Art & Culture
Geleneksel Müzik,Art & Culture
Müze Koleksiyonları,Art & Culture
Miras Alanları,Art & Culture
Tiyatro Grupları,Art & Culture
Opera Evleri,Art & Culture
Dans Dersleri,Art & Culture
Sanat Atölyeleri,Art & Culture
Sanat Sergileri Çocuklar İçin,Art & Culture
Genç Tiyatrosu,Art & Culture
Bale Okulları,Art & Culture
Tarihi Yeniden Canlandırmalar,Art & Culture
Kültürel Kutlamalar,Art & Culture
Sanat Sergileri Müzelerde,Art & Culture
Kültürel Mekanlar,Art & Culture
Görsel Sanatlar,Art & Culture
Kültürel Temsil,Art & Culture
Etkileşimli Sanat,Art & Culture
Müze Kürasyonu,Art & Culture
Sanat Eğitimi Çocuklar İçin,Art & Culture
Kültürel Semboller,Art & Culture
Müzik Sosyal Değişim İçin,Art & Culture
Küresel Sanat,Art & Culture
Yabancı Dilde Tiyatro,Art & Culture
Etkileşimli Sanat,Art & Culture
Kültürel Haritalama,Art & Culture
Sanat ve Teknoloji,Art & Culture
Müzik İşbirlikleri,Art & Culture
Belgesel Sineması,Art & Culture
Kültürel Festivaller Dünyada,Art & Culture
Halka Açık Sanat Enstalasyonları,Art & Culture
Etkileşimli Müzeler,Art & Culture
Belgesel Gösterimleri,Art & Culture
Kültürel Farkındalık,Art & Culture
Sanat ve Bilim,Art & Culture
Kültürel Çeşitlilik,Art & Culture
Kültürel Etkileşim,Art & Culture
Kültürel Anlayış,Art & Culture
Kültürel İletişim,Art & Culture
Kültürel Diplomasi,Art & Culture
Kültürel Araştırmalar,Art & Culture
