Kategori,Tür
Futbol,Sports
Basketbol,Sports
Tenis,Sports
Beyzbol,Sports
Kriket,Sports
Ragbi,Sports
Amerikan Futbolu,Sports
Voleybol,Sports
Masa Tenisi,Sports
Badminton,Sports
Golf,Sports
Atletizm,Sports
Yüzme,Sports
Bisiklet,Sports
Boks,Sports
MMA,Sports
Güreş,Sports
Jimnastik,Sports
Pist ve Alan,Sports
Hokey,Sports
Buz Hokeyi,Sports
Kayak,Sports
Kar Kayağı,Sports
Formula 1,Sports
Motorsporları,Sports
At Yarışı,Sports
Kürek,Sports
Okçuluk,Sports
Eskrim,Sports
Tabanca Atışı,Sports
Ragbi Sevens,Sports
Ragbi Ligi,Sports
Yelken,Sports
Sörf,Sports
Rüzgar Sörfü,Sports
Kano,Sports
Kayakla Gitme,Sports
Dağcılık,Sports
Parkur,Sports
BMX,Sports
Kaykay,Sports
Kar Motoru,Sports
Luğa,Sports
Bobslay,Sports
Triatlon,Sports
Pentatlon,Sports
Binicilik,Sports
Kano Polo,Sports
Plaj Voleybolu,Sports
Hentbol,Sports
Lacrosse,Sports
Netbol,Sports
Kabaddi,Sports
Sepak Takraw,Sports
Korfbol,Sports
Polo,Sports
Ultimate Frisbee,Sports
Dodgeball,Sports
Futsal,Sports
Kapalı Voleybol,Sports
Kapalı Futbol,Sports
Hızlı Kayak,Sports
Figürlü Kayak,Sports
Motokros,Sports
Dayanıklılık Yarışı,Sports
Yüzme Bayrağı,Sports
Maraton,Sports
Uzun Mesafe Koşusu,Sports
Kısa Mesafe Koşusu,Sports
Sprint,Sports
Dekatlon,Sports
Sırıkla Atlama,Sports
Gülle Atma,Sports
Disk Atma,Sports
Cirit,Sports
Yüksek Atlama,Sports
Üçlü Atlama,Sports
Uzun Atlama,Sports
Halat Atma,Sports
Engelli Koşu,Sports
Su Engelli Koşusu,Sports
Eldivenli Basketbol,Sports
Tekerlekli Sandalye Basketbolu,Sports
Tekerlekli Sandalye Ragbisi,Sports
Kör Futbolu,Sports
Para-Tenis,Sports
Özel Olimpiyatlar,Sports
Adaptif Kürek,Sports
Adaptif Kayak,Sports
Para-Bisiklet,Sports
Tekerlekli Sandalye Tenisi,Sports
Para-Golf,Sports
Para-Okçuluk,Sports
Para-Badminton,Sports
Powerlifting,Sports
Ağırsiklet,Sports
Strongman,Sports
CrossFit,Sports
Yoga,Sports
Pilates,Sports
Tai Chi,Sports
Esneme,Sports
Zumba,Sports
Aerobik,Sports
Dans,Sports
Bale,Sports
Hip Hop Dansı,Sports
Caz Dansı,Sports
Çağdaş Dans,Sports
Salsa,Sports
Tango,Sports
Breakdans,Sports
Kapoeira,Sports
Savaş Sanatları,Sports
Karate,Sports
Judo,Sports
Taekwondo,Sports
Kung Fu,Sports
Kickboks,Sports
Muay Thai,Sports
Boks Egzersizi,Sports
Kendini Savunma,Sports
Karışık Dövüş Sanatları,Sports
Boks Antrenmanı,Sports
Vücut Geliştirme,Sports
Powerlifting Antrenmanı,Sports
Fitness Antrenmanı,Sports
Dayanıklılık Antrenmanı,Sports
Güç Antrenmanı,Sports
Kardiyo Antrenmanı,Sports
Fonksiyonel Antrenman,Sports
Spor Beslenmesi,Sports
Spor Psikolojisi,Sports
Spor Tıbbı,Sports
Spor Rehabilitasyonu,Sports
Atletik Antrenman,Sports
Spor Bilimi,Sports
Spor Koçluğu,Sports
Spor Yönetimi,Sports
Spor Pazarlaması,Sports
Spor Gazeteciliği,Sports
Spor Fotoğrafçılığı,Sports
Spor Yayıncılığı,Sports
Spor Yorumculuğu,Sports
Spor Sponsorlukları,Sports
Spor Hukuku,Sports
Spor Etkinlikleri,Sports
Spor Turnuvaları,Sports
Spor Festivalleri,Sports
Spor Yarışmaları,Sports
Spor Ligleri,Sports
Spor Kulüpleri,Sports
Spor Kuruluşları,Sports
Fantazi Sporlar,Sports
Esports,Sports
Video Oyunları,Sports
Spor Yayıncılığı,Sports
Spor Etkileşimi,Sports
Spor Teknolojisi,Sports
Giyilebilir Spor Cihazları,Sports
Spor Analitiği,Sports
Spor Performansı,Sports
Spor Yayıncılığı,Sports
Atlet Sponsorlukları,Sports
Spor Modası,Sports
Spor Taraftar Ekipmanları,Sports
Spor Giyim,Sports
Fitness Ekipmanları,Sports
Jimnastik Ekipmanları,Sports
Spor Tesisleri,Sports
Spor Erişilebilirliği,Sports
Adaptif Sporlar,Sports
